{
    "train_loss": [
        0.6302850168939491,
        0.3917806026162765,
        0.3091409196736751,
        0.2461472357824872,
        0.22304052212327544,
        0.19069868225737197,
        0.18877418417525152,
        0.1810044520831155,
        0.17042312874630156,
        0.16882893144040745,
        0.323888629851025,
        0.19155394664398298,
        0.16140175644209673,
        0.15510523741590712,
        0.14363232339777396,
        0.14675339987604644,
        0.14317431197004157,
        0.14226479615064647,
        0.14044132435066117,
        0.1399435071891443,
        0.14023490765731897,
        0.14013151883178843,
        0.13937586347653427,
        0.1395169714166915,
        0.13976359100591226,
        0.13972534528248784,
        0.14121502606554087,
        0.1393388505445369,
        0.13952602060912447,
        0.1407902104297804,
        0.1405177359169801,
        0.1390533649796181,
        0.1423379753586447,
        0.1409820813818556,
        0.13971014774179635,
        0.13915319933192583,
        0.14005760903639197,
        0.1394799771918643,
        0.14333363470936739,
        0.14673124569449653,
        0.14145131907504296,
        0.1433576445991504,
        0.1418514685176556,
        0.1398715638839121,
        0.14164273152533494,
        0.1419245979540143,
        0.14294058666640963,
        0.1394861385986147,
        0.1394144851403728,
        0.14375552272191322
    ],
    "val_loss": [
        0.18547942872670067,
        0.27369230591031224,
        0.25076828146522845,
        0.20153498708324266,
        0.18394008759256006,
        0.19583754598229067,
        0.43308916118744883,
        0.43677894260931605,
        0.17019507344518284,
        0.1866464839928691,
        0.06568988630166588,
        0.06036227948661547,
        0.03884322212929965,
        0.060291597095640574,
        0.05692347202729325,
        0.055848208358254894,
        0.03100513664766913,
        0.04630454893617996,
        0.028124702321409074,
        0.04091327554389362,
        0.04519975081974112,
        0.030572009092084164,
        0.02953749324745142,
        0.03813452516050911,
        0.029609839238194147,
        0.032733767835495524,
        0.04776075810423168,
        0.04902639180324246,
        0.031206057850943634,
        0.05255678461102848,
        0.11800165256813404,
        0.0879408570284899,
        0.08184404677467717,
        0.06774589278083892,
        0.07932078175679703,
        0.043036262974918645,
        0.0911825771955326,
        0.08136680249373685,
        0.07325336451004459,
        0.06236206375641142,
        0.10116936172821181,
        0.07109590789502535,
        0.07124192855929387,
        0.07191844684866341,
        0.02844073360024495,
        0.07148110859128,
        0.23834939961500473,
        0.06918860540030931,
        0.09466577310436117,
        0.08624575816937381
    ],
    "train_acc": [
        0.8179032611074634,
        0.9076384329174875,
        0.9378419785511053,
        0.9601663383672576,
        0.9715473845480411,
        0.9813963668198731,
        0.9805209017290436,
        0.9855548260013132,
        0.9884000875465091,
        0.9897132851827534,
        0.9391551761873496,
        0.9816152330925805,
        0.9925585467279492,
        0.9940906106369009,
        0.9984679360910483,
        0.9971547384548041,
        0.9991245349091705,
        0.9993434011818779,
        0.9993434011818779,
        0.9997811337272926,
        0.9995622674545852,
        0.9997811337272926,
        1.0,
        1.0,
        0.9997811337272926,
        0.9997811337272926,
        0.9993434011818779,
        0.9997811337272926,
        0.9997811337272926,
        0.9995622674545852,
        0.9995622674545852,
        1.0,
        0.9989056686364631,
        0.9991245349091705,
        0.9993434011818779,
        0.9995622674545852,
        0.9995622674545852,
        0.9995622674545852,
        0.9982490698183409,
        0.9980302035456337,
        0.9991245349091705,
        0.9993434011818779,
        0.9989056686364631,
        0.9997811337272926,
        0.9989056686364631,
        0.9986868023637557,
        0.9986868023637557,
        0.9995622674545852,
        0.9997811337272926,
        0.9995622674545852
    ],
    "val_acc": [
        0.9308836395450568,
        0.9326334208223972,
        0.9553805774278216,
        0.963254593175853,
        0.9510061242344707,
        0.9571303587051618,
        0.9720034995625547,
        0.9641294838145232,
        0.9702537182852143,
        0.9720034995625547,
        0.9816272965879265,
        0.9807524059492564,
        0.9851268591426072,
        0.9798775153105862,
        0.9833770778652668,
        0.9816272965879265,
        0.9877515310586177,
        0.9868766404199475,
        0.989501312335958,
        0.989501312335958,
        0.9868766404199475,
        0.9877515310586177,
        0.989501312335958,
        0.9903762029746281,
        0.989501312335958,
        0.989501312335958,
        0.9851268591426072,
        0.9851268591426072,
        0.9912510936132983,
        0.9825021872265967,
        0.9825021872265967,
        0.9851268591426072,
        0.9851268591426072,
        0.9877515310586177,
        0.9851268591426072,
        0.9912510936132983,
        0.9851268591426072,
        0.9877515310586177,
        0.9877515310586177,
        0.9877515310586177,
        0.9868766404199475,
        0.9912510936132983,
        0.989501312335958,
        0.9903762029746281,
        0.9930008748906387,
        0.9903762029746281,
        0.9825021872265967,
        0.9860017497812773,
        0.9877515310586177,
        0.9868766404199475
    ]
}